subject	value_3t	value_7t
sub-01187	30.2767639160156	28.6170948701911
sub-04843	35.5465393066406	22.9245961904526
sub-05117	24.3731346130371	25.0001111011952
sub-05532	18.8748970031738	16.1159801015165
sub-06180	27.5895385742188	22.5869937837124
sub-06400	28.4201850891113	26.2658068286255
sub-06783	26.6190376281738	22.4672365933657
sub-08033	29.5259742736816	24.9480991177261
sub-08096	20.5728092193604	14.4808547215071
sub-08726	25.4046115875244	21.801295154728
sub-09188	24.9688453674316	22.3848687852733
sub-09540	29.5367794036865	26.1880538929254
sub-09720	27.8928337097168	21.9086011946201
sub-10677	32.5774230957031	28.5097844898701
sub-10839	24.2369613647461	24.3058115709573
sub-11220	21.388126373291	21.2667215764523
sub-12054	25.2193126678467	20.7393421791494
sub-12503	26.2331829071045	19.8291920071933
sub-12653	23.927360534668	26.4554996490479
sub-13206	33.8044929504395	16.3314603338367
sub-13953	30.9782333374023	26.8595757633448
sub-14445	23.223690032959	15.5584300174378
sub-14900	21.1342124938965	19.3290814440697
sub-14936	21.6655158996582	20.5206933816662
sub-17279	26.8064384460449	26.6629869742319
sub-17726	26.3958415985107	21.3438691338524
sub-19230	23.9269771575928	20.8839834108949
sub-20028	29.6658363342285	25.2111670486629
sub-20609	29.1555366516113	23.8914058599621
sub-22442	23.2109203338623	25.1174965216778
sub-22482	21.6958999633789	25.1682435572147
sub-22786	24.4644012451172	22.9301634386647
sub-22943	30.5893974304199	32.4352857470512
sub-23042	22.3565101623535	18.5475508664967
sub-23322	30.8002624511719	24.8062308286317
sub-24295	25.8628273010254	26.701388426125
sub-24372	25.2780418395996	18.836155482335
sub-26383	18.5448894500732	14.6798393926583
sub-27711	24.7579746246338	27.4746292224154
sub-27934	22.4183540344238	20.3308335542679
sub-28276	25.2609672546387	22.6961100101471
sub-28617	26.1259307861328	25.2922627944499
sub-30090	26.7720680236816	22.7512625278905
sub-30648	28.6600875854492	22.4667491912842
sub-31017	31.4938011169434	28.2806742014363
sub-33184	20.0073204040527	14.1289045714075
sub-33639	31.1129913330078	30.6224755849689
sub-34986	21.2959880828857	23.7742556333542
sub-35814	20.9740581512451	19.4988877866417
sub-36346	14.906720161438	21.2082801229553
sub-38553	26.0070896148682	24.5783519372344
sub-38989	24.252082824707	23.4172526580514
sub-39332	27.1635608673096	26.7637555003166
sub-39546	20.7594909667969	15.073352684034
sub-40079	26.0467433929443	19.0966492936714
sub-42086	26.2966861724854	20.8274094434455
sub-42863	19.9656257629395	19.3531076686922
sub-43240	23.9494171142578	22.3452407866716
sub-43425	20.0068912506104	15.2397390664555
sub-43766	19.6501083374023	15.905230563134
sub-45148	26.3633728027344	26.6552883777767
sub-45644	25.3250904083252	18.6156658020336
sub-46263	27.8182411193848	26.8244445025921
sub-47050	24.5652084350586	20.0017896699719
sub-47206	27.9557189941406	22.2755815922283
sub-47379	22.0874004364014	19.5221850662492
sub-47803	23.4566345214844	25.069195330143
sub-49618	30.284236907959	24.3581567108631
sub-50530	23.4638366699219	17.0226382836699
sub-51896	20.3671493530273	24.1408570110798
sub-52789	31.7014446258545	21.6666484088637
sub-52967	21.6897850036621	25.0382744595408
sub-53679	23.0288600921631	19.8488322494086
sub-53696	32.4114990234375	21.9901156540727
sub-54552	19.0906066894531	10.5564267463051
sub-57198	24.9881210327148	21.9195537074702
sub-60324	27.3312377929688	19.419512975961
sub-61696	23.0060882568359	22.7330226688646
sub-61880	22.7181816101074	12.0894945904147
sub-62452	25.7674598693848	29.993185043335
sub-62533	21.5896778106689	20.7385172992945
sub-63392	30.2762184143066	21.759736623615
sub-64564	30.2555332183838	25.1947243325412
sub-64907	19.2574195861816	14.8728296902555
sub-64927	27.584529876709	26.5354346283711
sub-64988	22.5897407531738	19.9977044078987
sub-65969	18.4810466766357	18.8200674718246
sub-66055	22.4574394226074	18.8498450219631
sub-67613	32.9135437011719	28.7151412218809
sub-67731	26.4240398406982	20.7223241068423
sub-68443	35.0827941894531	26.1325090564787
sub-69577	27.5222339630127	21.0515461653704
sub-69881	20.8306102752686	16.1031858786009
sub-69988	27.0247325897217	28.8382860869169
sub-70695	30.6957359313965	26.9763932945207
sub-71473	25.8428707122803	22.5509134126478
sub-71675	29.4844551086426	20.6633064448833
sub-72337	32.6817817687988	22.2137363180518
sub-72753	33.3160514831543	27.2565126530826
sub-72783	28.9823360443115	23.4336792975664
sub-73121	22.9160289764404	22.232085943222
sub-73378	26.6406879425049	25.6291646561585
sub-73512	32.2442855834961	27.5281189084053
sub-74182	33.0461959838867	29.5796048641205
sub-74193	27.8982887268066	32.0835802319925
sub-74516	22.9344139099121	21.4755923417397
sub-75056	30.1702766418457	28.0154224047437
sub-75861	30.537712097168	23.7616305607371
sub-76147	29.8001956939697	21.034913752228
sub-76456	24.4144306182861	21.2754008253105
sub-79577	23.2385158538818	20.8358415170806
sub-80780	26.0467567443848	23.1030642092228
sub-81101	21.4140911102295	12.8043539822102
sub-81668	24.075569152832	22.2142847673967
sub-82107	25.7133483886719	22.2428457088536
sub-83170	33.5531921386719	31.8950175179634
sub-83997	25.932014465332	17.4522252082825
sub-84917	28.7307891845703	18.4577740430832
sub-85522	21.9682273864746	15.685084396915
sub-86202	22.3899364471436	16.2905897077871
sub-86435	27.6723003387451	25.8720114461612
sub-86493	27.0663928985596	27.4924376533017
sub-87034	34.4186248779297	31.1398766040802
sub-87051	27.2513160705566	24.4130056537688
sub-87732	27.135856628418	23.9153572131181
sub-88141	25.9530143737793	22.8011326247361
sub-88548	24.5054931640625	21.0107099164743
sub-88686	28.3970508575439	25.6192424297333
sub-89034	28.1473026275635	23.7423355125356
sub-89440	26.3061676025391	24.9635822701966
sub-89448	30.0977935791016	19.2734206498135
sub-91179	25.2030086517334	24.6187644246966
sub-92438	27.2216110229492	23.8199138683267
sub-92635	24.3799304962158	29.691485618474
sub-93064	22.5311985015869	24.6932183308527
sub-93112	25.1592998504639	22.6291467761621
sub-93729	33.2936553955078	34.4230397343636
sub-95017	25.8867511749268	17.4480220815167
sub-95488	30.3942070007324	23.8700246438384
sub-95862	22.6413898468018	28.2922496795654
sub-95985	16.889274597168	15.0411655334174
sub-97902	23.860424041748	19.6640635653166
